scenario,lookup_latency,trade_latency,order_latency
baseline,0.003202493374164288,0.002726921668419471,0.0024631206805889425
follower_failure,0.0022203922271728516,0.0035451742318960335,0.012930998435387244
leader_failure,0.002830648422241211,0.0030691146850585936,0.002966499328613281
leader_recovery,0.002652078866958618,0.0029906034469604492,0.0027064085006713867
