scenario,lookup_latency,trade_latency,order_latency
baseline,2.070439020792643,2.0886796050601535,2.065218687057495
follower_failure,2.0549479590521917,2.0902231534322104,2.061588684717814
leader_failure,2.049670139948527,2.1081513166427612,2.065588593482971
leader_recovery,2.0522034565607705,2.1019978523254395,2.0609395503997803
