scenario,lookup_latency,trade_latency,order_latency
baseline,0.0028087615966796873,0.004469394683837891,0.0051348209381103516
follower_failure,0.0022289156913757324,0.0028244853019714355,0.004724740982055664
leader_failure,0.006856169019426618,0.0104283264705113,0.00747854369027274
leader_recovery,0.0029389560222625732,0.0031284987926483154,0.00544893741607666
