scenario,lookup_latency,trade_latency,order_latency
baseline,0.02484018462044852,0.6556788853236607,0.012080635343279158
follower_failure,0.002529961722237723,0.007441146033150809,0.005274738584245954
leader_failure,0.002016464869181315,0.003021876017252604,0.005476660198635525
leader_recovery,0.0019342558724539621,0.002542257308959961,0.0085275513785226
