scenario,lookup_latency,trade_latency,order_latency
baseline,0.002624177932739258,0.0048446178436279295,0.0044537544250488285
follower_failure,0.003427306811014811,0.0050468842188517255,0.005825956662495931
leader_failure,0.003498037656148275,0.004489580790201823,0.005459427833557129
leader_recovery,0.0022753987993512836,0.003018719809395926,0.004623923982892718
